Company,QuarterDate,working_capital_to_total_assets,retained_earnings_to_total_assets,ebit_to_total_assets,mve_to_total_liabilities,sales_to_total_assets,current_ratio,debt_to_equity_ratio,net_profit_margin,z_score,z_score_next_quarter
ACL.N0000,3/31/2012,0.235,0.2036,0.0895,1.2564,1.0297,1.4778,1.239,0.044,2.6459,1.5289
ACL.N0000,6/30/2012,0.2185,0.196,0.0149,1.1752,0.238,1.387,1.1734,0.0187,1.5289,1.7247
ACL.N0000,9/30/2012,0.2421,0.1935,0.0253,1.3422,0.2745,1.4438,1.1781,0.0361,1.7247,1.4974
ACL.N0000,12/31/2012,0.1949,0.1885,0.0149,1.1786,0.2433,1.3894,1.0548,0.0101,1.4974,1.4955
ACL.N0000,3/31/2013,0.1384,0.2065,0.0169,1.1606,0.2882,1.4726,1.0784,0.0122,1.4955,1.6012
ACL.N0000,6/30/2013,0.1894,0.2107,0.0118,1.2916,0.265,1.4046,1.0924,0.0032,1.6012,1.561
ACL.N0000,9/30/2013,0.1826,0.2065,0.0268,1.1594,0.2687,1.3746,1.1516,0.0361,1.561,1.409
ACL.N0000,12/31/2013,0.1717,0.1974,0.0156,1.0709,0.2326,1.336,1.242,0.0101,1.409,1.2985
ACL.N0000,3/31/2014,0.1696,0.1967,0.0149,0.7942,0.2939,1.3219,1.2532,0.0105,1.2985,1.0576
ACL.N0000,6/30/2014,0.1713,0.1945,0.0085,0.5873,0.1993,1.3224,1.3089,0.0005,1.0576,1.092
ACL.N0000,9/30/2014,0.1758,0.1937,0.0179,0.546,0.2232,1.3235,1.3837,0.0476,1.092,1.1463
ACL.N0000,12/30/2014,0.1909,0.2001,0.02,0.5827,0.2215,1.3993,1.3603,0.0485,1.1463,1.2001
ACL.N0000,3/31/2015,0.2059,0.2065,0.022,0.6193,0.2197,1.475,1.3368,0.0493,1.2001,1.2692
ACL.N0000,6/30/2015,0.236,0.218,0.0221,0.6526,0.2163,1.5775,1.3899,0.051,1.2692,1.6046
ACL.N0000,9/30/2015,0.271,0.2413,0.0544,0.8713,0.2393,1.7681,1.2478,0.066,1.6046,1.9735
ACL.N0000,12/31/2015,0.3335,0.2647,0.0868,1.0899,0.2623,1.9587,1.1057,0.0432,1.9735,2.7034
ACL.N0000,3/31/2016,0.2952,0.2999,0.1107,1.1328,0.8843,2.0487,0.829,0.0968,2.7034,1.7289
ACL.N0000,6/30/2016,0.3075,0.2802,0.0268,1.1223,0.2058,1.8744,0.8582,0.08,1.7289,2.0827
ACL.N0000,9/30/2016,0.1671,0.2843,0.0815,1.3223,0.4218,1.8253,0.8306,0.1714,2.0827,2.322
ACL.N0000,12/31/2016,0.1924,0.2922,0.1103,1.274,0.5537,1.949,0.8796,0.1641,2.322,3.0262
ACL.N0000,3/31/2017,0.2683,0.3545,0.1538,1.295,0.9234,2.3778,0.7726,0.0139,3.0262,1.1837
ACL.N0000,6/30/2017,-0.0107,0.3106,0.0028,0.96,0.1765,0.7235,1.0427,-0.0118,1.1837,1.4368
ACL.N0000,9/30/2017,0.1347,0.3016,0.027,0.9247,0.209,1.549,1.1009,0.079,1.4368,1.8322
ACL.N0000,12/31/2017,0.2078,0.2926,0.0249,0.847,0.5828,1.5364,0.9263,0.0289,1.8322,2.0944
ACL.N0000,3/31/2018,0.2955,0.3427,0.0784,1.2647,0.2425,1.7359,0.7912,0.0546,2.0944,1.5336
ACL.N0000,6/30/2018,0.1414,0.3305,0.0057,1.0941,0.226,1.6654,0.9139,0.0088,1.5336,1.5441
ACL.N0000,9/30/2018,0.1569,0.3212,0.0104,1.0538,0.2395,1.6147,0.9489,0.0346,1.5441,1.5235
ACL.N0000,12/31/2018,0.1421,0.3082,0.0315,0.9438,0.2513,1.5509,1.0608,0.0486,1.5235,1.6435
ACL.N0000,3/31/2019,0.2519,0.3279,0.0479,1.0475,0.0956,1.2653,0.9533,0.0289,1.6435,1.6182
ACL.N0000,6/30/2019,0.2461,0.3205,0.0121,0.989,0.2409,1.3786,1.0103,0.0151,1.6182,1.7814
ACL.N0000,9/30/2019,0.2977,0.3275,0.0255,1.0327,0.2619,1.5527,0.968,0.0647,1.7814,1.431
ACL.N0000,12/31/2019,0.2157,0.2911,0.0144,0.8117,0.2301,1.5861,1.2315,0.0284,1.431,1.7228
ACL.N0000,3/31/2020,0.2959,0.3041,0.0568,0.8763,0.2288,1.6377,1.1409,0.0138,1.7228,1.3558
ACL.N0000,6/30/2020,0.2437,0.3144,0.0069,0.7263,0.1647,1.6907,1.0757,0.0101,1.3558,1.9009
ACL.N0000,9/30/2020,0.3231,0.3165,0.0351,0.8704,0.432,1.6817,1.0889,0.0944,1.9009,1.6175
ACL.N0000,12/31/2020,0.2776,0.3175,0.0183,0.8245,0.2848,1.657,1.1081,0.0424,1.6175,1.9475
ACL.N0000,3/31/2021,0.4065,0.3027,0.0873,0.7664,0.288,1.5757,0.674,0.0524,1.9475,1.9323
ACL.N0000,6/30/2021,0.4282,0.2928,0.0763,0.8104,0.2705,1.518,0.7852,0.0286,1.9323,2.185
ACL.N0000,9/30/2021,0.4506,0.2726,0.1586,0.7223,0.3059,1.5345,0.3829,0.0862,2.185,2.1553
ACL.N0000,12/31/2021,0.4648,0.3129,0.0983,0.8685,0.314,1.6735,0.4658,0.0983,2.1553,2.3887
ACL.N0000,3/31/2022,0.3009,0.3639,0.1506,1.071,0.3786,1.8429,0.443,0.1168,2.3887,2.4795
ACL.N0000,6/30/2022,0.3732,0.4184,0.0985,1.3048,0.338,1.9905,0.7648,0.2226,2.4795,2.8837
ACL.N0000,9/30/2022,0.3764,0.4638,0.1694,1.6206,0.2513,2.268,0.6125,0.1751,2.8837,2.9011
ACL.N0000,12/31/2022,0.4067,0.4588,0.1989,1.5271,0.1981,2.0291,0.6557,0.1129,2.9011,3.0259
ACL.N0000,3/31/2023,0.3979,0.4552,0.2268,1.4847,0.2719,2.1527,0.6735,0.03,3.0259,2.2309
ACL.N0000,6/30/2023,0.3609,0.4629,0.0214,1.5222,0.1658,2.1939,0.6565,0.0022,2.2309,2.7241
ACL.N0000,9/30/2023,0.4227,0.4803,0.0583,1.6431,0.3662,2.2971,0.6071,0.1627,2.7241,2.5707
ACL.N0000,12/31/2023,0.3694,0.4754,0.0873,1.5582,0.2389,2.2134,0.642,0.0936,2.5707,3.7305
ACL.N0000,3/31/2024,0.4473,0.5113,0.1183,2.0912,0.8328,2.5986,0.4779,0.0827,3.7305,2.8571
ACL.N0000,6/30/2024,0.4206,0.5259,0.0407,2.0735,0.2377,2.6677,0.4822,0.1256,2.8571,3.405
ACL.N0000,9/30/2024,0.4256,0.5437,0.0945,2.2344,0.4806,2.8261,0.4478,0.1669,3.405,3.9435
ACL.N0000,12/31/2024,0.4619,0.5616,0.1392,2.3961,0.706,3.0522,0.4172,0.1258,3.9435,4.0525
ACL.N0000,3/31/2025,0.5274,0.5874,0.1819,2.7072,0.3727,3.3084,0.3694,0.1403,4.0525,3.6826
ACL.N0000,6/30/2025,0.5563,0.6054,0.0484,2.9086,0.2626,3.5544,0.3437,0.143,3.6826,2.6996
CIC.N0000,3/31/2012,0.1934,0.1693,0.1012,0.227,0.2659,1.4667,0.6888,0.0743,1.2052,1.258
CIC.N0000,6/30/2012,0.2522,0.2955,0.0205,0.4591,0.1985,1.0961,0.6822,0.0653,1.258,1.1622
CIC.N0000,9/30/2012,0.2093,0.2642,0.0233,0.4104,0.218,1.5207,0.7236,-0.0174,1.1622,1.2495
CIC.N0000,12/31/2012,0.2258,0.2779,0.0189,0.5207,0.2147,1.2024,0.6994,0.0502,1.2495,1.0732
CIC.N0000,3/31/2013,0.1124,0.2213,0.0012,0.7004,0.2043,1.0064,1.0967,-0.0889,1.0732,1.4803
CIC.N0000,6/30/2013,0.1752,0.2554,0.0289,0.9962,0.2194,0.9356,1.0229,0.0646,1.4803,1.1518
CIC.N0000,9/30/2013,0.1496,0.23,0.0215,0.6877,0.1667,0.8481,1.1129,-0.0773,1.1518,0.7301
CIC.N0000,12/31/2013,0.0575,0.1872,-0.0265,0.4045,0.2438,1.0772,1.1705,-0.2423,0.7301,0.1961
CIC.N0000,3/31/2014,0.0029,0.0391,-0.0912,0.3576,0.2243,1.0197,1.4635,-0.1455,0.1961,1.2783
CIC.N0000,6/30/2014,0.0558,0.1637,0.0267,1.0823,0.2447,1.0591,1.2272,0.0502,1.2783,1.2011
CIC.N0000,9/30/2014,0.0515,0.1731,0.0583,0.8306,0.2062,1.0197,1.2036,0.1193,1.2011,0.6677
CIC.N0000,12/31/2014,0.0619,0.0727,0.0867,0.2065,0.0816,1.0664,1.1821,0.0287,0.6677,0.6655
CIC.N0000,3/31/2015,-0.023,0.0848,0.1046,0.2226,0.0956,0.9308,1.0439,0.1152,0.6655,1.2378
CIC.N0000,6/30/2015,0.037,0.1973,0.0239,0.9309,0.2798,1.0824,1.0735,0.0456,1.2378,1.1464
CIC.N0000,9/30/2015,0.0462,0.196,0.0179,0.8518,0.2464,1.0953,1.1728,0.053,1.1464,1.0675
CIC.N0000,12/31/2015,0.0713,0.216,0.074,0.2226,0.3018,1.1433,1.0373,0.1495,1.0675,1.0292
CIC.N0000,3/31/2016,0.0618,0.2014,0.0413,0.4704,0.2545,1.0442,1.2147,0.0709,1.0292,0.99
CIC.N0000,6/30/2016,0.0522,0.1867,0.0085,0.7181,0.2071,0.945,1.392,-0.0077,0.99,0.984
CIC.N0000,9/30/2016,0.0117,0.2157,0.0095,0.6576,0.2421,0.9891,1.3939,0.0393,0.984,0.8691
CIC.N0000,12/31/2016,-0.0048,0.1893,0.0039,0.6346,0.2162,0.9765,1.5186,0.0149,0.8691,0.7537
CIC.N0000,3/31/2017,-0.0213,0.1629,-0.0018,0.6116,0.1902,0.9638,1.6433,-0.0096,0.7537,0.9663
CIC.N0000,6/30/2017,0.1847,0.1502,0.002,0.3888,0.2945,0.9421,1.581,0.0048,0.9663,1.1781
CIC.N0000,9/30/2017,0.3906,0.1374,0.0057,0.1659,0.3987,0.9204,1.5186,0.0192,1.1781,1.2389
CIC.N0000,12/31/2017,0.26,0.2143,-0.0279,0.7558,0.2655,0.8784,2.1067,-0.0461,1.2389,0.5274
CIC.N0000,3/31/2018,-0.0812,0.1267,0.0354,0.1399,0.2467,0.8384,1.8728,0.0293,0.5274,0.4849
CIC.N0000,6/30/2018,-0.0689,0.1221,0.0246,0.1359,0.2339,0.8279,1.9022,-0.0204,0.4849,0.3994
CIC.N0000,9/30/2018,-0.0444,0.113,0.0029,0.1278,0.2082,0.8068,1.9609,-0.1196,0.3994,0.5699
CIC.N0000,12/31/2018,-0.0934,0.1312,0.0462,0.1439,0.2595,0.8489,1.8434,0.0789,0.5699,1.8652
CIC.N0000,3/31/2019,0.1723,0.0694,0.12,0.5773,0.8189,0.8717,1.736,0.0502,1.8652,0.7177
CIC.N0000,6/30/2019,-0.0769,0.1434,0.0186,0.5777,0.2012,0.8697,1.63,0.0114,0.7177,0.5848
CIC.N0000,9/30/2019,-0.137,0.1728,0.0413,0.239,0.2276,0.6932,1.6117,0.115,0.5848,0.6914
CIC.N0000,12/31/2019,-0.0733,0.1496,0.0663,0.208,0.2263,0.8421,1.7188,0.0421,0.6914,0.7891
CIC.N0000,3/31/2020,-0.1315,0.1422,0.111,0.3658,0.162,0.8786,1.7793,0.0743,0.7891,0.9506
CIC.N0000,6/30/2020,-0.0956,0.1704,0.0398,0.8085,0.2103,0.6761,1.4752,0.0781,0.9506,0.8011
CIC.N0000,9/30/2020,-0.0976,0.1563,0.0448,0.5479,0.2228,0.6875,1.3773,0.0762,0.8011,0.9301
CIC.N0000,12/31/2020,-0.0996,0.2128,0.0497,0.5872,0.2354,0.6989,1.2334,0.1353,0.9301,0.919
CIC.N0000,3/31/2021,-0.0995,0.1916,0.0472,0.6405,0.2301,0.6772,1.2416,0.1352,0.919,1.0153
CIC.N0000,6/30/2021,-0.0982,0.2128,0.0513,0.7095,0.2402,0.692,1.1582,0.1543,1.0153,1.1092
CIC.N0000,9/30/2021,-0.0987,0.2339,0.0554,0.7785,0.2503,0.7068,1.0748,0.1734,1.1092,1.1982
CIC.N0000,12/31/2021,-0.1035,0.2551,0.0595,0.8475,0.2604,0.7216,0.9915,0.1925,1.1982,0.8591
CIC.N0000,3/31/2022,-0.1817,0.2396,0.0552,0.6392,0.176,0.6025,1.2354,0.2821,0.8591,1.0877
CIC.N0000,6/30/2022,-0.1062,0.2283,0.0491,0.8774,0.2071,0.6173,1.461,0.1753,1.0877,1.0737
CIC.N0000,9/30/2022,-0.1492,0.2064,0.0478,1.0278,0.1894,0.6161,1.77,0.0952,1.0737,1.3468
CIC.N0000,12/31/2022,-0.091,0.213,0.076,1.095,0.25,0.85,1.904,0.1441,1.3468,1.1719
CIC.N0000,3/31/2023,-0.1378,0.212,0.0177,1.367,0.1619,0.6052,1.981,0.0504,1.1719,1.275
CIC.N0000,6/30/2023,-0.2285,0.2477,0.0609,1.402,0.1602,0.652,1.831,0.2801,1.275,0.8961
CIC.N0000,9/30/2023,-0.2818,0.2776,0.0227,1.055,0.1377,0.564,1.959,0.0443,0.8961,0.848
CIC.N0000,12/31/2023,-0.2976,0.2811,0.0328,0.8767,0.1773,0.531,1.938,0.0736,0.848,0.8201
CIC.N0000,3/31/2024,-0.2963,0.2877,0.025,0.9379,0.1276,0.5403,1.9041,0.157,0.8201,1.0004
CIC.N0000,6/30/2024,-0.2804,0.2976,0.0124,1.2191,0.1479,0.5468,1.823,0.0631,1.0004,0.9941
CIC.N0000,9/30/2024,-0.1707,0.2687,0.0188,1.0377,0.1381,0.5987,2.086,0.0431,0.9941,1.1332
CIC.N0000,12/31/2024,-0.2357,0.2699,0.0274,1.3144,0.1591,0.6057,2.0973,0.0767,1.1332,1.2032
CIC.N0000,3/31/2025,-0.2335,0.2655,0.0167,1.5575,0.1221,0.6231,2.113,0.0763,1.2032,1.4025
CIC.N0000,6/30/2025,-0.2193,0.2858,0.0134,1.8187,0.1301,0.63,1.918,0.0994,1.4025,1.6376
DIAL.N0000,3/31/2012,-0.048,0.1831,0.0234,1.378,0.1417,0.803,0.99,-0.0343,1.2445,0.3787
DIAL.N0000,6/30/2012,-0.125,0.0611,0.0253,0.346,0.1521,0.619,1.54,0.0703,0.3787,0.7439
DIAL.N0000,9/30/2012,-0.141,0.113,0.0734,0.601,0.1521,0.587,1.29,0.373,0.7439,1.4579
DIAL.N0000,12/31/2012,-0.126,0.219,0.0759,0.845,0.545,0.564,0.97,0.1242,1.4579,0.7226
DIAL.N0000,3/31/2013,-0.168,0.234,0.0224,0.631,0.1441,0.578,0.92,0.1274,0.7226,0.6636
DIAL.N0000,6/30/2013,-0.27,0.207,0.0435,0.69,0.1403,0.339,1.08,0.0989,0.6636,0.7412
DIAL.N0000,9/30/2013,-0.076,0.221,0.0173,0.537,0.1437,0.789,0.93,0.1245,0.7412,0.9765
DIAL.N0000,12/31/2013,-0.1273,0.2292,0.0166,1.023,0.1398,0.6086,0.9843,0.1141,0.9765,1.2115
DIAL.N0000,3/31/2014,-0.1785,0.2374,0.0158,1.509,0.1358,0.4282,1.0385,0.1037,1.2115,1.2443
DIAL.N0000,6/30/2014,-0.1776,0.2299,0.0222,1.545,0.1353,0.4517,1.0866,0.1383,1.2443,0.7042
DIAL.N0000,9/30/2014,-0.083,0.244,0.0231,0.417,0.1358,0.649,1.05,0.1334,0.7042,0.7604
DIAL.N0000,12/31/2014,-0.147,0.243,0.0768,0.317,0.153,0.723,1.04,0.1084,0.7604,0.7433
DIAL.N0000,3/31/2015,-0.056,0.259,0.0227,0.408,0.1282,0.773,0.98,0.1324,0.7433,0.7619
DIAL.N0000,6/30/2015,-0.091,0.276,0.0213,0.45,0.1444,0.652,0.9,0.121,0.7619,0.7562
DIAL.N0000,9/30/2015,-0.094,0.276,0.0267,0.42,0.1425,0.672,1.09,0.0653,0.7562,0.686
DIAL.N0000,12/31/2015,-0.156,0.268,0.0159,0.495,0.1485,0.439,1.17,0.0541,0.686,0.7213
DIAL.N0000,3/31/2016,-0.069,0.176,0.0297,0.524,0.1453,0.699,1,0.1685,0.7213,0.8283
DIAL.N0000,6/30/2016,-0.102,0.275,0.0569,0.388,0.1451,0.593,0.98,0.1501,0.8283,0.8182
DIAL.N0000,9/30/2016,-0.087,0.292,0.0303,0.446,0.1462,0.646,0.94,0.166,0.8182,0.8881
DIAL.N0000,12/31/2016,-0.091,0.213,0.1031,0.311,0.1723,0.567,1.17,0.0791,0.8881,0.74
DIAL.N0000,3/31/2017,-0.154,0.304,0.0208,0.488,0.1378,0.628,0.94,0.0948,0.74,0.8268
DIAL.N0000,6/30/2017,-0.115,0.293,0.0479,0.426,0.1409,0.577,0.99,0.1231,0.8268,0.7511
DIAL.N0000,9/30/2017,-0.118,0.31,0.0286,0.365,0.1453,0.565,0.94,0.1653,0.7511,0.9985
DIAL.N0000,12/31/2017,-0.117,0.323,0.0956,0.39,0.1372,0.569,1.12,0.1538,0.9985,0.737
DIAL.N0000,3/31/2018,-0.142,0.322,0.0253,0.403,0.1313,0.778,0.96,0.1231,0.737,0.7875
DIAL.N0000,6/30/2018,-0.086,0.3235,0.0273,0.357,0.1335,0.83,0.965,0.1037,0.7875,0.8377
DIAL.N0000,9/30/2018,-0.03,0.325,0.0292,0.311,0.1357,0.882,0.97,0.0842,0.8377,0.7115
DIAL.N0000,12/31/2018,-0.097,0.276,0.0466,0.292,0.1125,0.666,1.11,0.0683,0.7115,0.7502
DIAL.N0000,3/31/2019,-0.0265,0.2877,0.0278,0.269,0.1261,0.89,1.06,0.2284,0.7502,0.6998
DIAL.N0000,6/30/2019,-0.087,0.3034,0.0198,0.317,0.1239,0.874,1.12,0.096,0.6998,0.8086
DIAL.N0000,9/30/2019,-0.047,0.3183,0.0237,0.363,0.1234,0.866,1.05,0.0898,0.8086,1.0062
DIAL.N0000,12/31/2019,-0.095,0.3279,0.0926,0.389,0.1222,0.656,1.02,0.1394,1.0062,0.7002
DIAL.N0000,3/31/2020,-0.115,0.335,0.0251,0.277,0.1202,0.678,0.99,0.0803,0.7002,0.6749
DIAL.N0000,6/30/2020,-0.134,0.331,0.0154,0.338,0.1187,0.599,0.95,0.235,0.6749,0.7699
DIAL.N0000,9/30/2020,-0.118,0.348,0.0299,0.34,0.1216,0.639,0.95,0.2162,0.7699,0.8418
DIAL.N0000,12/31/2020,-0.209,0.346,0.0893,0.324,0.1191,0.492,1.04,0.1425,0.8418,0.6854
DIAL.N0000,3/31/2021,-0.172,0.352,0.026,0.324,0.1188,0.624,0.96,0.0893,0.6854,0.7618
DIAL.N0000,6/30/2021,-0.166,0.343,0.0305,0.309,0.1947,0.524,0.99,0.1636,0.7618,0.7446
DIAL.N0000,9/30/2021,-0.204,0.3326,0.0675,0.303,0.1192,0.495,1.09,0.1301,0.7446,0.8083
DIAL.N0000,12/31/2021,-0.212,0.342,0.0849,0.309,0.1183,0.488,1.04,0.1104,0.8083,0.4654
DIAL.N0000,3/31/2022,-0.164,0.216,0.0103,0.357,0.1116,0.66,2.3,-0.217,0.4654,0.3847
DIAL.N0000,6/30/2022,-0.203,0.1238,0.0256,0.36,0.1545,0.495,2.97,-0.527,0.3847,0.5687
DIAL.N0000,9/30/2022,-0.111,0.1397,0.0433,0.419,0.112,0.525,2.74,0.1467,0.5687,0.0679
DIAL.N0000,12/31/2022,-0.147,0.0618,-0.0256,0.219,0.1109,0.594,4.36,-0.562,0.0679,0.3735
DIAL.N0000,3/31/2023,-0.121,0.0928,0.00631,0.438,0.1052,0.69,3.67,0.296,0.3735,0.7031
DIAL.N0000,6/30/2023,0.055,0.0972,0.0141,0.426,0.1989,0.73,3.69,0.191,0.7031,0.4317
DIAL.N0000,9/30/2023,-0.115,0.1027,0.0319,0.353,0.1089,0.718,3.45,0.00344,0.4317,0.4709
DIAL.N0000,12/31/2023,-0.13,0.1158,0.0475,0.33,0.11,0.637,3.2,0.0888,0.4709,0.3833
DIAL.N0000,3/31/2024,-0.167,0.116,0.00563,0.502,0.1015,0.655,3.3,0.0627,0.3833,0.2463
DIAL.N0000,6/30/2024,-0.184,0.0626,0.005,0.439,0.0996,0.623,3.64,-0.0143,0.2463,0.2795
DIAL.N0000,9/30/2024,-0.206,0.0743,0.0182,0.411,0.116,0.555,3.48,0.1157,0.2795,0.7232
DIAL.N0000,12/31/2024,-0.317,0.103,0.0637,0.532,0.43,0.424,2.972,0.0959,0.7232,0.2306
DIAL.N0000,3/31/2025,-0.297,0.117,0.0238,0.369,0.1233,0.44,2.706,0.0888,0.2306,0.4888
DIST.N0000,3/31/2012,0.0911,0.3001,0.1633,2.1739,0.2575,0.5836,0.46,0.2917,2.6302,2.832
DIST.N0000,6/30/2012,-0.0832,0.561,0.0389,3.2258,0.0826,0.6262,0.31,0.623,2.832,3.5452
DIST.N0000,9/30/2012,-0.03,0.4642,0.0802,4.1667,0.1666,0.6936,0.24,0.6888,3.5452,2.0585
DIST.N0000,12/31/2012,-0.0018,0.4558,0.0406,2,0.0886,0.6966,0.5,0.2193,2.0585,2.9653
DIST.N0000,3/31/2013,-0.0224,0.5688,0.1922,2.0833,0.3116,0.6291,0.48,0.399,2.9653,2.4342
DIST.N0000,6/30/2013,0.0141,0.458,0.0369,2.6316,0.0753,0.6336,0.38,0.2665,2.4342,2.9623
DIST.N0000,9/30/2013,0.0133,0.6929,0.0342,2.8571,0.1492,0.6338,0.35,0.2868,2.9623,2.5624
DIST.N0000,12/31/2013,-0.0302,0.4576,0.0366,2.9412,0.0725,0.6353,0.34,0.2777,2.5624,3.1035
DIST.N0000,3/31/2014,-0.0751,0.4741,0.0465,3.8462,0.0687,0.7337,0.26,0.327,3.1035,3.2334
DIST.N0000,6/30/2014,-0.0114,0.4882,0.0302,4,0.0639,0.7743,0.25,0.2902,3.2334,3.0834
DIST.N0000,9/30/2014,-0.1563,0.4984,0.0612,3.8462,0.0635,0.8256,0.26,0.3041,3.0834,3.6034
DIST.N0000,12/31/2014,0.046,0.594,0.1741,3.4483,0.0731,0.5634,0.29,0.5535,3.6034,3.8475
DIST.N0000,3/31/2015,-0.0946,0.5835,0.2028,3.7037,0.2527,0.6122,0.27,0.6344,3.8475,3.3491
DIST.N0000,6/30/2015,0.013,0.611,0.0299,3.8462,0.0717,0.6217,0.26,0.2666,3.3491,3.741
DIST.N0000,9/30/2015,0.0018,0.6189,0.0681,4.1667,0.1476,0.6761,0.24,0.317,3.741,3.0201
DIST.N0000,12/31/2015,0.0124,0.5929,0.0279,3.3333,0.0831,0.7033,0.3,0.2093,3.0201,3.8291
DIST.N0000,3/31/2016,0.0964,0.6023,0.1261,3.5714,0.3112,0.7899,0.28,0.2673,3.8291,3.454
DIST.N0000,6/30/2016,0.033,0.626,0.0924,3.5714,0.0902,0.8727,0.28,0.3523,3.454,3.6786
DIST.N0000,9/30/2016,-0.1221,0.4646,0.03,4.7619,0.2185,0.7016,0.21,0.2359,3.6786,-1.4375
DIST.N0000,12/31/2016,0.1061,-1.2421,0.08,-0.6135,0.2782,0.8693,-1.63,0.1359,-1.4375,0.3675
DIST.N0000,3/31/2017,-0.3069,-1.2567,0.394,0.1022,1.1336,0.6456,9.79,0.0228,0.3675,-1.1652
DIST.N0000,6/30/2017,-0.0201,-1.1788,0.0459,0.1466,0.2698,0.6821,6.82,0.0866,-1.1652,-1.293
DIST.N0000,9/30/2017,-0.1967,-1.2134,0.0727,0.1776,0.2953,0.7474,5.63,0.132,-1.293,-0.1377
DIST.N0000,12/31/2017,0.1256,-1.0847,0.0768,0.2538,0.8244,0.8139,3.94,0.1228,-0.1377,2.5415
DIST.N0000,3/31/2018,0.652,-0.3055,0.2876,0.3226,1.0442,0.9158,3.1,0.1538,2.5415,0.9438
DIST.N0000,6/30/2018,0.0282,0.0298,0.094,0.3953,0.3209,0.9625,2.53,0.1654,0.9438,1.5386
DIST.N0000,9/30/2018,0.0423,0.0874,0.1924,0.6803,0.3224,1.0783,1.47,0.1834,1.5386,0.8134
DIST.N0000,12/31/2018,-0.0158,0.0001,0.0935,0.3704,0.3014,0.962,2.7,0.1826,0.8134,2.8036
DIST.N0000,3/31/2019,0.0499,0.0706,0.374,0.4587,1.1355,1.079,2.18,0.191,2.8036,1.4644
DIST.N0000,6/30/2019,0.1181,0.1466,0.1195,0.7092,0.2976,1.2391,1.41,0.2342,1.4644,1.1273
DIST.N0000,9/30/2019,0.0352,0.0531,0.1044,0.5525,0.3347,1.0608,1.81,0.1838,1.1273,2.1513
DIST.N0000,12/31/2019,,-0.0163,0.33,0.1988,0.9658,0.964,3.97,0.0673,2.1513,1.1965
DIST.N0000,3/31/2020,0.0491,0.0458,0.1121,0.6546,0.3108,1.0853,1.8383,0.2059,1.1965,1.1094
DIST.N0000,6/30/2020,0.0608,0.019,0.0989,0.7183,0.2525,0.9456,2.4949,0.2143,1.1094,1.8976
DIST.N0000,9/30/2020,0.1298,0.0916,0.2078,0.8124,0.4404,1.1694,2.8855,0.2794,1.8976,1.5599
DIST.N0000,12/31/2020,0.0891,0.0954,0.1473,0.8215,0.3404,1.1816,2.9156,0.2702,1.5599,1.6066
DIST.N0000,3/31/2021,0.1512,0.1447,0.1286,0.7837,0.328,1.3102,1.3024,0.3443,1.6066,2.0456
DIST.N0000,6/30/2021,0.185,0.178,0.218,0.845,0.348,1.42,1.425,0.312,2.0456,2.4478
DIST.N0000,9/30/2021,0.2079,0.2058,0.305,0.8964,0.3659,1.5285,1.545,0.3402,2.4478,2.1952
DIST.N0000,12/31/2021,0.158,0.172,0.256,0.875,0.395,1.395,1.512,0.328,2.1952,2.3546
DIST.N0000,3/31/2022,0.196,0.189,0.272,0.882,0.428,1.442,1.462,0.334,2.3546,2.2102
DIST.N0000,6/30/2022,0.175,0.168,0.252,0.869,0.412,1.368,1.448,0.342,2.2102,2.1934
DIST.N0000,9/30/2022,0.138,0.135,0.268,0.854,0.442,1.285,1.42,0.358,2.1934,2.1137
DIST.N0000,12/31/2022,0.0671,0.0687,0.2873,0.8243,0.4943,1.1061,1.3228,0.3815,2.1137,2.3078
DIST.N0000,3/31/2023,0.2223,0.2154,0.2327,0.8443,0.465,1.4337,1.3768,0.321,2.3078,1.7615
DIST.N0000,6/30/2023,0.1208,0.0836,0.1865,0.8647,0.3652,1.1431,2.9042,0.3287,1.7615,1.878
DIST.N0000,9/30/2023,0.0236,0.2252,0.1754,0.923,0.4018,1.5345,1.2163,0.2689,1.878,2.125
DIST.N0000,12/31/2023,0.1405,0.1117,0.2173,1.0451,0.4559,1.2446,1.6842,0.3005,2.125,1.7523
DIST.N0000,3/31/2024,0.0026,0.1091,0.2113,0.9367,0.3371,1.0115,1.8201,0.3475,1.7523,1.756
DIST.N0000,6/30/2024,0.0248,0.1002,0.1996,0.9857,0.3359,1.3857,1.0066,0.3045,1.756,1.9886
DIST.N0000,9/30/2024,-0.024,0.2434,0.1796,1.1363,0.4022,1.3106,0.1475,0.2645,1.9886,1.8586
DIST.N0000,12/31/2024,0.0173,0.217,0.163,1.1254,0.3209,1.2422,0.2556,0.573,1.8586,2.1681
DIST.N0000,12/31/2024,-0.0246,0.2438,0.2326,1.1647,0.3899,1.3663,0.1866,0.3435,2.1681,1.8586
DIST.N0000,3/31/2025,0.0173,0.217,0.163,1.1254,0.3209,1.2422,0.2556,0.573,1.8586,2.1497
DIST.N0000,6/30/2025,0.198,0.2908,0.1721,1.0489,0.3077,1.4884,0.6286,0.3133,2.1497,2.1627
HAYL.N0000,3/31/2012,-0.2543,0.1725,-0.0092,0.7353,0.0031,0.0671,0.7271,-2.8137,0.3503,2.0731
HAYL.N0000,6/30/2012,-0.2777,0.1464,0.0084,3.6166,0.0037,0.1333,0.928,2.185,2.0731,2.3536
HAYL.N0000,9/30/2012,-0.0255,0.1206,0.0284,3.5297,0.0038,0.0798,0.941,-2.0333,2.3536,0.2978
HAYL.N0000,12/31/2012,-0.177,0.1128,0.0048,0.5547,0.0036,0.215,1.0199,1.2187,0.2978,0.2803
HAYL.N0000,3/31/2013,-0.0676,0.1162,0.0042,0.3026,0.0033,0.0609,0.9091,5.2681,0.2803,0.0398
HAYL.N0000,6/30/2013,-0.4159,0.1261,0.0126,0.5279,0.004,0.268,0.9595,1.6267,0.0398,0.1483
HAYL.N0000,9/30/2013,-0.3031,0.131,0.0104,0.4836,0.0041,0.148,0.943,1.324,0.1483,1.8266
HAYL.N0000,12/31/2013,-0.126,0.1199,0.0252,2.8711,0.0041,0.3944,0.9091,0.2859,1.8266,1.8825
HAYL.N0000,3/31/2014,-0.1143,0.1472,0.0234,2.8874,0.0039,0.4183,0.8954,0.2765,1.8825,2.1371
HAYL.N0000,6/30/2014,0.1737,0.1287,0.0129,2.8359,0.0044,0.4034,0.9647,0.9309,2.1371,2.2994
HAYL.N0000,9/30/2014,-0.1597,0.1414,0.0204,3.7021,0.0045,0.3041,0.8975,0.5626,2.2994,2.1053
HAYL.N0000,12/31/2014,-0.128,0.1203,0.0152,3.3917,0.0053,0.391,0.9273,1.0961,2.1053,2.1174
HAYL.N0000,3/31/2015,-0.127,0.1208,0.0151,3.4095,0.0052,0.3827,0.8617,1.0611,2.1174,2.1454
HAYL.N0000,6/30/2015,-0.1253,0.1213,0.015,3.4522,0.0051,0.3732,0.7983,1.0261,2.1454,2.185
HAYL.N0000,9/30/2015,-0.1225,0.1222,0.0147,3.5127,0.0048,0.3553,0.6693,0.956,2.185,0.1854
HAYL.N0000,12/31/2015,-0.3046,0.1431,0.0749,0.15,0.0134,0.7301,0.755,0.118,0.1854,0.4066
HAYL.N0000,3/31/2016,-0.2962,0.1479,0.0811,0.449,0.018,0.5098,0.672,2.629,0.4066,-0.0855
HAYL.N0000,6/30/2016,-0.2865,0.1135,0.017,0.0654,0.0041,0.2816,0.961,1.64,-0.0855,0.0069
HAYL.N0000,9/30/2016,-0.2943,0.1376,0.0376,0.0574,0.0089,0.4267,0.6838,1.7763,0.0069,-0.0357
HAYL.N0000,12/31/2016,-0.3008,0.1093,0.0442,0.0405,0.0021,0.4997,0.446,1.94,-0.0357,0.1231
HAYL.N0000,3/31/2017,-0.3314,0.1008,0.0132,0.5558,0.0026,0.5998,0.464,0.8422,0.1231,0.8653
HAYL.N0000,6/30/2017,0.0072,0.4924,0.0099,0.2181,0.0038,0.2817,3.005,0.5181,0.8653,0.2993
HAYL.N0000,9/30/2017,-0.2742,0.3653,0.0204,0.0738,0.0053,0.2817,2.82,0.6549,0.2993,1.1442
HAYL.N0000,12/31/2017,-0.2163,0.3348,0.0321,1.3757,0.0037,0.4239,3.45,-0.8289,1.1442,0.3628
HAYL.N0000,3/31/2018,-0.4488,0.4192,0.0787,0.0752,0.0096,0.2727,1.132,3.848,0.3628,0.3694
HAYL.N0000,6/30/2018,-0.2377,0.4186,0.0089,0.0577,0.0046,0.2616,1.256,-3.46,0.3694,0.2391
HAYL.N0000,9/30/2018,-0.2598,0.3977,-0.0138,0.0579,0.0049,0.2889,1.496,-2.423,0.2391,0.2237
HAYL.N0000,12/31/2018,-0.2338,0.3863,-0.0244,0.0617,0.0069,0.2984,1.471,-3.3017,0.2237,1.0483
HAYL.N0000,3/31/2019,-0.005,0.3727,0.0634,0.5239,0.009,0.2932,1.3887,0.1376,1.0483,0.1582
HAYL.N0000,6/30/2019,-0.2992,0.349,-0.003,0.0602,0.0024,0.3192,1.468,-6.112,0.1582,0.2479
HAYL.N0000,9/30/2019,-0.1447,0.3368,-0.0271,0.0579,0.0047,0.2848,1.645,-5.787,0.2479,0.1974
HAYL.N0000,12/31/2019,-0.2963,0.3219,0.019,0.0545,0.0069,0.3641,1.73,-5.346,0.1974,0.2594
HAYL.N0000,3/31/2020,-0.2604,0.3113,0.0286,0.0546,0.0089,0.3688,1.84,-4.406,0.2594,0.4837
HAYL.N0000,6/30/2020,-0.2675,0.305,0.0145,0.5462,0.0021,0.3484,1.87,0.1129,0.4837,0.6425
HAYL.N0000,9/30/2020,-0.2479,0.1394,0.0395,1.0228,0.0008,0.3688,1.99,0.8299,0.6425,1.7993
HAYL.N0000,12/31/2020,-0.2741,0.3387,0.0804,2.3127,0.0011,0.2885,1.73,5.393,1.7993,1.8268
HAYL.N0000,3/31/2021,-0.2654,0.3242,0.0883,2.3309,0.0015,0.232,1.71,2.834,1.8268,1.3227
HAYL.N0000,6/30/2021,-0.26,0.193,0.021,2.154,0.0028,0.2329,1.72,0.8,1.3227,1.35
HAYL.N0000,9/30/2021,-0.2305,0.1618,0.0422,2.1002,0.0007,0.3554,2.23,4.1088,1.35,1.5806
HAYL.N0000,12/31/2021,-0.2529,0.2065,0.0761,2.238,0.0011,0.2626,1.8,0.6668,1.5806,1.747
HAYL.N0000,3/31/2022,-0.2574,0.2109,0.1189,2.2784,0.0012,0.2278,1.799,0.8429,1.747,1.0675
HAYL.N0000,6/30/2022,-0.3047,0.3252,0.0391,1.4103,0.0027,0.2633,1.999,3.3553,1.0675,1.2321
HAYL.N0000,9/30/2022,-0.304,0.3288,0.0725,1.4946,0.0006,0.1953,1.709,0.6048,1.2321,1.4647
HAYL.N0000,12/31/2022,-0.3313,0.3536,0.1152,1.6434,0.001,0.1959,1.682,4.4581,1.4647,1.8253
HAYL.N0000,3/31/2023,-0.3074,0.256,0.1381,2.298,0.0012,0.2084,1.9,0.245,1.8253,1.4714
HAYL.N0000,6/30/2023,-0.2734,0.2676,0.0202,2.263,0.0004,0.3226,2.11,0.1819,1.4714,1.5492
HAYL.N0000,9/30/2023,-0.2903,0.2656,0.0397,2.3233,0.0007,0.3275,2.1,0.7736,1.5492,1.5899
HAYL.N0000,12/31/2023,-0.2894,0.2618,0.0538,2.3202,0.001,0.2796,2.11,0.7365,1.5899,1.9606
HAYL.N0000,3/31/2024,-0.2677,0.2057,0.1402,2.5496,0.0014,0.296,2.57,0.2136,1.9606,1.3293
HAYL.N0000,6/30/2024,-0.2891,0.212,0.0188,2.19,0.0034,0.2821,2.8,0.2439,1.3293,1.3899
HAYL.N0000,9/30/2024,-0.3099,0.2192,0.0398,2.1949,0.0066,0.3972,2.67,0.4449,1.3899,1.7358
HAYL.N0000,12/31/2024,-0.2675,0.2153,0.0832,2.453,0.009,0.4879,2.77,0.6407,1.7358,1.9381
HAYL.N0000,3/31/2025,-0.2578,0.1792,0.1402,2.5367,0.0119,0.3681,3.17,0.6265,1.9381,1.5134
HAYL.N0000,6/30/2025,-0.3132,0.1629,0.0256,2.6233,0.0027,0.436,3.84,2.451,1.5134,1.9409
LOLC.N0000,3/31/2012,0.262,0.2781,0.0037,0.472,0.0955,0.01,2.1207,0.4939,1.0946,1.3838
LOLC.N0000,6/30/2012,0.5435,0.2721,0.0008,0.4566,0.0741,13.094,2.188,0.12,1.3838,0.8293
LOLC.N0000,9/30/2012,0.0321,0.2869,0.0092,0.4919,0.0636,0.026,2.032,0.0456,0.8293,0.7999
LOLC.N0000,12/31/2012,0.0166,0.2773,0.0069,0.474,0.0846,0.008,2.1085,-0.1013,0.7999,1.8911
LOLC.N0000,3/31/2013,0.0049,0.5917,0.0205,1.6295,0.0115,1.0077,0.6131,0.0009,1.8911,1.6802
LOLC.N0000,6/30/2013,0.0114,0.5657,0.0003,1.4273,0.0172,0.0123,0.7011,0.0154,1.6802,1.7245
LOLC.N0000,9/30/2013,-0.0054,0.5803,0.0007,1.5014,0.0154,0.0094,0.6657,0.0485,1.7245,1.9259
LOLC.N0000,12/31/2013,-0.0437,0.6044,0.0194,1.682,0.059,0.0038,0.5942,0.1719,1.9259,2.3421
LOLC.N0000,3/31/2014,-0.0155,0.6527,0.014,2.2617,0.0437,0.0062,0.442,0.2947,2.3421,2.1942
LOLC.N0000,6/30/2014,-0.0167,0.6428,0.0037,2.1511,0.0115,0.0021,0.4648,0.0771,2.1942,1.8379
LOLC.N0000,9/30/2014,-0.008,0.5839,0.002,1.6685,0.0223,0.0119,0.6015,0.0537,1.8379,2.1976
LOLC.N0000,12/31/2014,0.004,0.605,0.0017,2.2141,0.0117,0.9963,0.5739,0.0421,2.1976,1.5324
LOLC.N0000,3/31/2015,0.0152,0.5218,0.0073,1.2377,0.0169,0.0083,0.7934,0.1741,1.5324,1.3019
LOLC.N0000,6/30/2015,-0.0105,0.4774,0.0014,1.0482,0.0126,0.0036,0.9547,0.1107,1.3019,1.2767
LOLC.N0000,9/30/2015,0.02,0.4517,0.014,0.9338,0.0138,0.0095,1.0686,0.07,1.2767,1.0455
LOLC.N0000,12/31/2015,-0.023,0.4031,0.0029,0.771,0.0366,0.0118,1.3157,0.0567,1.0455,1.4445
LOLC.N0000,3/31/2016,0.1603,0.4421,0.0111,0.8876,0.064,0.0042,1.1265,0.1426,1.4445,1.398
LOLC.N0000,6/30/2016,0.2704,0.4129,0.0156,0.7062,0.0203,0.0043,1.2775,0.166,1.398,1.4299
LOLC.N0000,9/30/2016,0.3117,0.3947,0.0084,0.7239,0.0412,0.005,1.3813,0.1651,1.4299,0.8959
LOLC.N0000,12/31/2016,0.0136,0.2771,0.0043,0.6904,0.0632,0.0127,1.4485,0.1542,0.8959,1.1813
LOLC.N0000,3/31/2017,-0.0109,0.4231,0.0153,0.8542,0.039,0.0084,1.1711,0.4824,1.1813,1.0885
LOLC.N0000,6/30/2017,-0.0534,0.4473,0.0037,0.807,0.03,0.0157,1.0487,0.0629,1.0885,1.1726
LOLC.N0000,9/30/2017,-0.0427,0.4468,-0.0238,0.9509,0.1063,0.0346,1.0519,-0.0759,1.1726,0.9533
LOLC.N0000,12/31/2017,-0.0751,0.4137,-0.0314,0.8204,0.0756,0.0043,1.2181,-0.0779,0.9533,1.5501
LOLC.N0000,3/31/2018,0.0948,0.4356,0.0461,0.8785,0.1473,0.0114,1.1383,0.2882,1.5501,0.8356
LOLC.N0000,6/30/2018,0.1149,0.4394,-0.0015,0.1034,0.0255,0.1203,1.1236,-0.0603,0.8356,0.7521
LOLC.N0000,9/30/2018,0.1536,0.396,-0.0115,0.0627,0.0137,0.114,1.3602,-0.2615,0.7521,0.8133
LOLC.N0000,12/31/2018,0.2094,0.402,-0.0212,0.1063,0.0054,0.4209,1.3608,-0.3,0.8133,0.9858
LOLC.N0000,3/31/2019,0.1536,0.3519,-0.0243,0.6039,0.0267,0.0119,1.6526,-0.2742,0.9858,1.1
LOLC.N0000,6/30/2019,0.2113,0.3257,-0.0113,0.7074,0.0033,0.5872,1.4137,-0.5807,1.1,0.7651
LOLC.N0000,9/30/2019,0.0735,0.2868,-0.0255,0.5928,0.0039,0.9895,1.6867,-1.4476,0.7651,0.6788
LOLC.N0000,12/31/2019,0.084,0.2733,-0.0458,0.5577,0.0119,0.9994,1.7941,-0.9557,0.6788,0.4258
LOLC.N0000,3/31/2020,-0.0121,0.2456,-0.0622,0.4747,0.0169,0.9994,2.1088,-0.9967,0.4258,1.3266
LOLC.N0000,6/30/2020,0.2108,0.3165,0.0724,0.647,0.0034,1.0089,1.5445,0.7252,1.3266,0.9154
LOLC.N0000,9/30/2020,0.1168,0.3016,-0.0049,0.6024,0.0077,1.0123,1.6601,0.5446,0.9154,1.1471
LOLC.N0000,12/31/2020,0.2385,0.2701,0.0532,0.5113,0.0004,1.0051,1.9558,-0.4215,1.1471,1.2701
LOLC.N0000,3/31/2021,0.2407,0.3148,0.0245,0.764,0.0013,1.0182,1.4699,0.4581,1.2701,1.393
LOLC.N0000,6/30/2021,0.2429,0.3595,-0.0042,1.0167,0.0021,1.0313,0.9839,1.3376,1.393,1.3606
LOLC.N0000,9/30/2021,0.2058,0.3624,0.0075,0.963,0.0037,1.0358,0.8669,1.758,1.3606,1.4009
LOLC.N0000,12/31/2021,0.2308,0.354,0.0067,1.0007,0.0058,1.0312,0.9177,2.374,1.4009,2.2991
LOLC.N0000,3/31/2022,0.3155,0.3638,0.1471,1.533,0.006,4.6383,0.653,2.2955,2.2991,2.0519
LOLC.N0000,6/30/2022,0.2604,0.3624,0.0375,1.8372,0.006,5.7691,0.5442,9.6894,2.0519,1.9297
LOLC.N0000,9/30/2022,0.2616,0.3556,0.0293,1.6871,0.009,7.1692,0.6201,5.534,1.9297,1.8133
LOLC.N0000,12/31/2022,0.2628,0.3489,0.0212,1.5467,0.0115,9.4466,0.6702,1.8585,1.8133,1.5742
LOLC.N0000,3/31/2023,0.2652,0.3354,0.0048,1.2561,0.0169,13.1241,0.7961,0.4275,1.5742,1.4051
LOLC.N0000,6/30/2023,0.2801,0.3253,-0.0052,1.049,0.0013,21.6065,0.9511,3.276,1.4051,1.4562
LOLC.N0000,9/30/2023,0.3252,0.3216,0.0014,1.0142,0.0026,20.6759,0.9861,8.8805,1.4562,1.5073
LION.N0000,3/31/2012,0.3875,0.1926,0.0534,0.516,0.4916,2.2619,0.9439,0.0375,1.7121,1.4559
LION.N0000,6/30/2012,0.1125,0.165,0.0527,0.7868,0.4439,1.1017,1.2454,0.0607,1.4559,1.567
LION.N0000,9/30/2012,0.2324,0.1781,0.0435,0.7789,0.4279,1.888,1.283,0.0586,1.567,0.9281
LION.N0000,12/31/2012,0.1887,0.1271,0.0314,0.1472,0.3318,1.6221,1.7004,0.0383,0.9281,1.0325
LION.N0000,3/31/2013,0.0514,0.1548,0.0865,0.2259,0.3331,1.1972,1.8988,0.0407,1.0325,0.5674
LION.N0000,6/30/2013,0.0157,0.1098,0.0199,0.1301,0.2511,1.2851,3.0602,0.048,0.5674,0.8151
LION.N0000,9/30/2013,0.0552,0.1349,0.022,0.3147,0.2986,1.482,2.4766,0.0406,0.8151,0.7803
LION.N0000,12/31/2013,0.1135,0.1353,0.0283,0.1332,0.2814,1.2418,2.7069,0.0589,0.7803,0.9056
LION.N0000,3/31/2014,0.0281,0.1527,0.03,0.4731,0.2752,1.1336,2.4717,0.0595,0.9056,0.9391
LION.N0000,6/30/2014,0.1214,0.1098,0.0341,0.397,0.289,1.265,3.0601,0.0708,0.9391,1.0335
LION.N0000,9/30/2014,0.1734,0.135,0.0413,0.336,0.2985,1.4463,2.4762,0.0406,1.0335,1.0005
LION.N0000,12/31/2014,0.0268,0.1834,0.0388,0.4385,0.3204,0.8125,2.2764,0.065,1.0005,0.9524
LION.N0000,3/31/2015,0.0561,0.1904,0.0305,0.4045,0.2752,1.1319,2.4719,-0.0488,0.9524,1.0137
LION.N0000,6/30/2015,0.0258,0.1969,0.0408,0.3726,0.3489,0.8085,1.4777,0.0638,1.0137,0.8823
LION.N0000,9/30/2015,0.0331,0.1813,0.0307,0.3892,0.2539,0.8523,2.6301,0.067,0.8823,0.9918
LION.N0000,12/31/2015,0.0193,0.1834,0.0388,0.4392,0.3203,0.6634,2.2766,0.0539,0.9918,1.3712
LION.N0000,3/31/2016,0.0201,0.1731,0.149,0.4221,0.3598,0.8182,2.368,0.0597,1.3712,0.9902
LION.N0000,6/30/2016,0.0721,0.2172,0.0125,0.5642,0.2198,0.7897,1.772,-0.0835,0.9902,0.628
LION.N0000,9/30/2016,0.0626,0.1549,-0.0095,0.3748,0.1425,0.7924,2.6663,-0.1061,0.628,0.8669
LION.N0000,12/31/2016,0.0855,0.1724,0.0067,0.5437,0.1746,0.8331,2.7754,-0.0201,0.8669,0.3972
LION.N0000,3/31/2017,0.0136,0.1411,-0.0651,0.351,0.1876,0.8644,2.8503,-0.1377,0.3972,1.493
LION.N0000,6/30/2017,0.0767,0.1533,0.0251,1.5434,0.1775,0.8149,2.6605,0.0589,1.493,1.8557
LION.N0000,9/30/2017,0.121,0.1516,0.0152,2.0636,0.2099,0.903,2.7363,0.0144,1.8557,3.7472
LION.N0000,12/31/2017,0.1745,0.1689,0.0276,4.9183,0.2593,0.9051,2.4728,0.0523,3.7472,1.0061
LION.N0000,3/31/2018,0.039,0.1841,0.0467,0.3958,0.31,0.9582,2.5245,0.1213,1.0061,1.0679
LION.N0000,6/30/2018,0.039,0.2105,0.0479,0.46,0.2923,1.0191,2.1908,0.0791,1.0679,1.0623
LION.N0000,9/30/2018,0.0285,0.2175,0.0387,0.4541,0.3234,1.095,2.166,0.0506,1.0623,1.7078
LION.N0000,12/31/2018,0.0594,0.2465,0.0869,1.1262,0.3289,1.1678,1.9123,0.0988,1.7078,1.7462
LION.N0000,3/31/2019,0.0423,0.259,0.0446,1.4029,0.3439,1.029,1.82,0.0665,1.7462,2.2578
LION.N0000,6/30/2019,0.0314,0.2935,0.0464,2.1727,0.3525,1.0847,1.5453,0.0666,2.2578,2.3026
LION.N0000,9/30/2019,0.0267,0.307,0.0467,2.1962,0.3689,1.075,1.4623,0.0754,2.3026,1.6689
LION.N0000,12/31/2019,0.0446,0.3175,0.0309,1.2113,0.3421,1.1231,1.4093,0.0481,1.6689,2.0443
LION.N0000,3/31/2020,0.0519,0.3003,0.0217,1.9526,0.3184,1.1381,1.5467,0.0511,2.0443,2.1955
LION.N0000,6/30/2020,0.0537,0.3044,0.0063,2.5221,0.1708,1.1319,1.5172,0.0121,2.1955,2.59
LION.N0000,9/30/2020,0.1243,0.3409,0.0544,2.2567,0.43,1.4291,1.2666,0.0725,2.59,2.6685
LION.N0000,12/31/2020,0.1389,0.3579,0.0384,2.489,0.3806,1.4769,1.1912,0.0583,2.6685,2.4812
LION.N0000,3/31/2021,0.0138,0.3865,0.0402,2.2738,0.4266,1.6109,1.0499,0.0427,2.4812,2.6418
LION.N0000,6/30/2021,0.1447,0.3561,0.0234,2.7064,0.2686,1.4216,1.2454,0.0582,2.6418,2.3438
LION.N0000,9/30/2021,0.1232,0.3528,0.0219,2.2247,0.295,1.35,1.1259,0.0502,2.3438,2.8012
LION.N0000,12/31/2021,0.138,0.3841,0.0552,2.399,0.4763,1.4239,1.1254,0.069,2.8012,2.556
LION.N0000,3/31/2022,0.1544,0.3891,0.0371,2.046,0.476,1.4686,1.0451,0.0679,2.556,2.4428
LION.N0000,6/30/2022,0.1534,0.4052,0.0648,1.4858,0.5861,1.5178,0.9379,0.0774,2.4428,2.7719
LION.N0000,9/30/2022,0.1685,0.4067,0.096,1.8034,0.6015,1.5016,0.9863,0.0868,2.7719,2.4748
LION.N0000,12/31/2022,0.1517,0.3452,0.0686,1.873,0.4593,1.3392,1.3645,0.087,2.4748,2.9941
LION.N0000,3/31/2023,0.1569,0.4061,0.0688,2.4633,0.5323,1.4479,1.0315,0.0447,2.9941,3.1407
LION.N0000,6/30/2023,0.1345,0.4185,0.0789,2.6302,0.5549,1.3953,0.9649,0.0736,3.1407,3.3631
LION.N0000,9/30/2023,0.1678,0.4234,0.087,2.8844,0.5512,1.5146,0.9812,0.091,3.3631,3.0957
LION.N0000,12/31/2023,0.1371,0.4048,0.0695,2.7826,0.4655,1.3759,1.068,0.087,3.0957,3.2379
LION.N0000,3/31/2024,0.1349,0.4169,0.0704,2.8157,0.5706,1.3838,0.9965,0.0621,3.2379,3.2651
LION.N0000,3/31/2024,0.1484,0.4082,0.0689,2.8819,0.559,1.3838,0.9881,0.0621,3.2651,3.8096
LION.N0000,6/30/2024,0.1484,0.4562,0.0671,3.6755,0.5661,1.4685,0.8408,0.074,3.8096,3.6349
LION.N0000,9/30/2024,0.1507,0.4727,0.0738,3.2914,0.5739,1.4587,0.804,0.0766,3.6349,4.1433
LION.N0000,12/31/2024,0.1713,0.4951,0.0852,4.0112,0.5567,1.5578,0.7351,0.0905,4.1433,3.7261
LION.N0000,3/31/2025,0.1917,0.4747,0.0567,3.583,0.4946,1.6266,0.8354,0.0631,3.7261,4.3673
LION.N0000,6/30/2025,0.209,0.4972,0.0651,4.533,0.4858,1.7713,0.7532,0.0811,4.3673,4.2843
RICH.N0000,3/31/2012,-0.1929,0.1036,0.3178,0.6884,0.2849,0.0597,1.15,0.3702,1.6602,0.3021
RICH.N0000,6/30/2012,-0.2756,0.1198,0.0347,0.5029,0.0489,0.1495,2.17,0.1697,0.3021,0.5337
RICH.N0000,9/30/2012,-0.2,0.1381,0.0761,0.4572,0.0549,0.1407,1.44,0.188,0.5337,0.8672
RICH.N0000,12/31/2012,-0.0412,0.1545,0.1152,0.4417,0.0552,0.073,1.41,0.4069,0.8672,0.7751
RICH.N0000,3/31/2013,-0.1992,0.0807,0.1245,0.5145,0.1816,0.0953,2.45,0.325,0.7751,0.1213
RICH.N0000,6/30/2013,-0.3023,0.0871,0.0234,0.409,0.0395,0.0091,2.44,0.2181,0.1213,0.2386
RICH.N0000,9/30/2013,-0.2371,0.086,0.0273,0.4509,0.0421,0.3178,2.24,0.1743,0.2386,0.3555
RICH.N0000,12/31/2013,-0.1718,0.0848,0.0311,0.4928,0.0446,0.6264,2.03,0.1304,0.3555,0.8465
RICH.N0000,3/31/2014,-0.1822,0.072,0.1558,0.4151,0.2011,0.1535,2.41,0.5803,0.8465,0.2661
RICH.N0000,6/30/2014,-0.1112,0.0702,0.0168,0.3605,0.0295,0.1291,2.77,0.235,0.2661,0.219
RICH.N0000,9/30/2014,-0.246,0.0878,0.0253,0.4273,0.0514,0.8416,2.34,0.2134,0.219,0.525
RICH.N0000,12/31/2014,-0.0951,0.0502,0.0715,0.372,0.1097,0.2161,2.03,0.3667,0.525,0.8622
RICH.N0000,3/31/2015,-0.0952,0.0981,0.1278,0.4105,0.1711,0.0595,1.44,0.5278,0.8622,0.4254
RICH.N0000,6/30/2015,-0.1247,0.1189,0.0239,0.49,0.0357,0.1366,2.04,0.3469,0.4254,0.6144
RICH.N0000,9/30/2015,-0.1203,0.1508,0.0578,0.4628,0.0792,0.0807,2.16,0.322,0.6144,0.7803
RICH.N0000,12/31/2015,-0.1184,0.1731,0.0974,0.5061,0.055,0.436,1.93,0.5114,0.7803,0.6302
RICH.N0000,3/31/2016,-0.1872,0.1038,0.1392,0.3011,0.0695,0.0429,2.77,0.5718,0.6302,0.2419
RICH.N0000,6/30/2016,-0.2547,0.1244,0.0275,0.4105,0.0363,0.1328,2.43,0.5335,0.2419,0.3666
RICH.N0000,9/30/2016,-0.2921,0.1422,0.0558,0.433,0.0741,0.1899,2.71,0.5588,0.3666,1.4267
RICH.N0000,12/31/2016,-0.0655,0.1912,0.1109,0.4833,0.5817,0.3819,2.73,0.6113,1.4267,0.883
RICH.N0000,3/31/2017,-0.1631,0.1211,0.1106,0.375,0.3192,0.2076,3.17,0.5916,0.883,0.3193
RICH.N0000,6/30/2017,-0.2607,0.051,0.1103,0.2667,0.0367,0.0332,3.6,0.5179,0.3193,0.195
RICH.N0000,9/30/2017,-0.2927,0.0738,0.0544,0.3084,0.0784,0.0472,3.24,0.5439,0.195,0.3093
RICH.N0000,12/31/2017,-0.3361,0.1085,0.1023,0.2764,0.0573,0.0402,3.99,0.301,0.3093,0.3659
RICH.N0000,3/31/2018,-0.3246,0.0548,0.1425,0.2353,0.0673,0.0304,4.25,0.6097,0.3659,0.0754
RICH.N0000,6/30/2018,-0.2631,0.0749,0.0275,0.265,0.0365,0.039,3.77,0.534,0.0754,0.216
RICH.N0000,9/30/2018,-0.3067,0.1031,0.0648,0.2977,0.0472,0.0412,3.31,0.2976,0.216,0.0272
RICH.N0000,12/31/2018,-0.3535,0.0585,0.055,0.209,0.0626,0.0622,4.44,0.2807,0.0272,0.0666
RICH.N0000,3/31/2019,-0.2144,0.0492,0.039,0.186,0.0147,0.0679,5.38,0.0463,0.0666,0.0251
RICH.N0000,6/30/2019,-0.313,0.0753,0.0342,0.2417,0.0374,0.0392,4.14,0.1603,0.0251,0.1396
RICH.N0000,9/30/2019,-0.2595,0.0928,0.032,0.2985,0.0364,0.78,3.54,0.0267,0.1396,0.2408
RICH.N0000,12/31/2019,-0.2498,0.1047,0.0562,0.3127,0.0209,0.77,3.15,0.052,0.2408,0.2268
RICH.N0000,3/31/2020,-0.4045,0.2029,0.0642,0.2979,0.0375,0.73,3.08,0.0241,0.2268,0.0701
RICH.N0000,6/30/2020,-0.321,0.1125,0.0251,0.3134,0.0269,0.74,2.84,0.035,0.0701,0.1804
RICH.N0000,9/30/2020,-0.2445,0.0862,0.0411,0.3057,0.0341,0.64,2.51,0.0299,0.1804,0.2904
RICH.N0000,12/31/2020,-0.2564,0.097,0.0722,0.3245,0.0293,0.57,2.62,0.0201,0.2904,0.3269
RICH.N0000,3/31/2021,-0.3576,0.2009,0.0711,0.3371,0.0379,0.6,2.03,0.0954,0.3269,0.1548
RICH.N0000,6/30/2021,-0.2449,0.1043,0.0221,0.3543,0.0172,0.51,3.07,0.0399,0.1548,0.2086
RICH.N0000,9/30/2021,-0.2905,0.138,0.05,0.3058,0.0155,0.59,2.74,0.2053,0.2086,0.4695
RICH.N0000,12/31/2021,-0.3057,0.1077,0.1334,0.383,0.0155,0.46,3.16,0.3102,0.4695,0.6916
RICH.N0000,3/31/2022,-0.2657,0.1765,0.1229,0.569,0.0164,0.53,2.6,0.1988,0.6916,0.9134
RICH.N0000,6/30/2022,-0.2256,0.2452,0.1123,0.7549,0.0173,0.66,2.13,0.0873,0.9134,0.783
RICH.N0000,9/30/2022,-0.3208,0.2438,0.0929,0.8264,0.0242,0.67,2.07,0.0167,0.783,1.2113
RICH.N0000,12/31/2022,-0.2719,0.2444,0.1928,0.8413,0.0544,0.68,2.23,0.2496,1.2113,0.488
RICH.N0000,3/31/2023,-0.3146,0.1733,0.0448,0.715,0.0461,0.56,2.83,0.057,0.488,0.3487
RICH.N0000,6/30/2023,-0.2536,0.1279,0.011,0.7131,0.0098,0.54,3.34,0.0442,0.3487,0.3167
RICH.N0000,9/30/2023,-0.2742,0.1068,0.0131,0.7318,0.0139,0.56,3.54,0.0117,0.3167,0.2826
RICH.N0000,12/31/2023,-0.3051,0.1075,0.0226,0.6964,0.0058,0.55,3.57,0.0044,0.2826,0.3592
RICH.N0000,3/31/2024,-0.2751,0.132,0.0241,0.6612,0.0283,0.58,3.18,0.0123,0.3592,0.2976
RICH.N0000,6/30/2024,-0.3698,0.1453,0.0218,0.7655,0.0067,0.6,2.69,0.5154,0.2976,0.2717
RICH.N0000,9/30/2024,-0.3339,0.0847,0.0413,0.676,0.0119,0.56,3.9,0.383,0.2717,0.4698
RICH.N0000,12/31/2024,-0.3267,0.0909,0.0732,0.7907,0.0186,0.57,3.04,0.3875,0.4698,0.409
RICH.N0000,3/31/2025,-0.3958,0.0303,0.1097,0.7601,0.0235,0.48,4.42,0.372,0.409,0.7984
RICH.N0000,6/30/2025,-0.1883,0.0371,0.0186,1.4742,0.0265,0.486,3.91,0.0867,0.7984,2.0589
SINS.N0000,3/31/2012,-0.1133,0.1732,0.0305,0.2277,0.3835,1.1316,2.8885,0.0515,0.7273,1.1022
SINS.N0000,6/30/2012,-0.1138,0.0733,0.07,0.2075,0.7806,1.0497,2.4201,0.0517,1.1022,1.8604
SINS.N0000,9/30/2012,-0.0589,0.2006,0.106,0.2801,1.1324,1.0418,3.1464,0.0262,1.8604,1.7836
SINS.N0000,12/31/2012,-0.1864,0.0615,0.0885,0.2906,1.4548,1.0418,2.4366,0.0104,1.7836,0.5446
SINS.N0000,3/31/2013,-0.1751,0.139,0.0297,0.2308,0.3236,1.0333,3.3424,0.0221,0.5446,0.7585
SINS.N0000,6/30/2013,0.0423,0.1258,0.022,0.2,0.339,1.057,2.382,0.0242,0.7585,0.7355
SINS.N0000,9/30/2013,-0.0339,0.1716,0.0162,0.2243,0.3479,1.0273,3.338,0.0008,0.7355,0.5333
SINS.N0000,12/31/2013,0.0066,0.0537,0.0189,0.2053,0.2647,1.0105,2.6582,0.0044,0.5333,0.4312
SINS.N0000,3/31/2014,-0.0382,0.0103,0.0046,0.1986,0.3283,1.0145,2.2454,0.0124,0.4312,0.5716
SINS.N0000,6/30/2014,0.0124,0.0185,0.0077,0.2281,0.3685,1.0316,2.4868,0.0211,0.5716,0.7608
SINS.N0000,9/30/2014,-0.0029,0.1342,0.0312,0.2146,0.3447,1.0316,2.4514,0.0221,0.7608,0.5648
SINS.N0000,12/31/2014,0.0024,0.0243,0.0086,0.1811,0.3909,1.0057,2.3459,0.0134,0.5648,0.6389
SINS.N0000,3/31/2015,0.0221,0.0135,0.0408,0.2,0.3388,1.0113,3.0084,0.0167,0.6389,0.6059
SINS.N0000,6/30/2015,0.0152,0.0317,0.0222,0.1844,0.3594,1.076,2.3501,0.0246,0.6059,0.5949
SINS.N0000,9/30/2015,0.0051,0.0346,0.0237,0.1987,0.3429,1.0687,2.4492,0.009,0.5949,1.7697
SINS.N0000,12/31/2015,0.0198,0.084,0.0375,0.2085,1.3795,1.056,2.2737,0.0284,1.7697,0.4269
SINS.N0000,3/31/2016,-0.1317,0.0798,0.0111,0.1967,0.3186,1.019,2.991,0.0236,0.4269,0.6821
SINS.N0000,6/30/2016,0.031,0.0402,0.0339,0.1917,0.3617,1.0529,3.5744,0.0398,0.6821,0.5506
SINS.N0000,9/30/2016,-0.1214,0.1439,0.009,0.2225,0.3316,1.0586,2.2237,0.0091,0.5506,0.7321
SINS.N0000,12/31/2016,0.0754,0.0921,0.02,0.2026,0.3251,1.0858,2.9074,0.0264,0.7321,0.7371
SINS.N0000,3/31/2017,0.1309,0.0599,0.0214,0.2085,0.3004,1.1522,3.2458,0.0333,0.7371,0.8191
SINS.N0000,6/30/2017,0.062,0.0324,0.0364,0.1786,0.4721,1.2009,3.3397,0.0092,0.8191,0.6194
SINS.N0000,9/30/2017,0.0994,0.0336,0.0091,0.181,0.3144,1.0674,3.6763,0.0021,0.6194,0.7085
SINS.N0000,12/31/2017,0.1478,0.0297,0.0135,0.1663,0.3452,1.124,2.7652,-0.0025,0.7085,0.6161
SINS.N0000,3/31/2018,0.057,0.0533,0.0221,0.1633,0.3022,1.0602,3.5317,0.0471,0.6161,0.5854
SINS.N0000,6/30/2018,0.039,0.024,0.0234,0.146,0.3402,1.179,3.6068,0.0171,0.5854,0.7071
SINS.N0000,9/30/2018,0.1487,0.0583,0.0208,0.1614,0.2816,1.1426,6.002,0.0005,0.7071,0.5317
SINS.N0000,12/31/2018,-0.0307,0.0771,0.0153,0.1538,0.3178,1.0141,5.8164,-0.0094,0.5317,0.5936
SINS.N0000,3/31/2019,0.0558,0.0409,0.0312,0.1412,0.2817,1.1515,4.6518,0.0044,0.5936,0.4917
SINS.N0000,6/30/2019,0.0301,0.0129,0.021,0.1148,0.2993,1.1649,4.0078,0.001,0.4917,0.4963
SINS.N0000,9/30/2019,0.0548,-0.0145,0.037,0.1024,0.2673,1.1953,9.7625,-0.019,0.4963,0.5302
SINS.N0000,12/31/2019,0.0694,-0.0132,0.0268,0.1092,0.3114,1.1286,7.1537,0.0084,0.5302,0.5258
SINS.N0000,3/31/2020,0.0174,-0.0116,0.0678,0.1078,0.2327,1.0225,9.2784,0.0013,0.5258,0.3824
SINS.N0000,6/30/2020,-0.0045,-0.0109,0.0229,0.1181,0.2566,1.0145,8.468,0.0201,0.3824,0.5917
SINS.N0000,9/30/2020,-0.0051,-0.0046,0.0464,0.1319,0.372,1.0423,3.4144,0.0166,0.5917,1.3538
SINS.N0000,12/31/2020,0.0293,0.0102,0.0684,0.1409,0.9941,1.0523,4.4569,0.0299,1.3538,1.8046
SINS.N0000,3/31/2021,0.0605,0.0137,0.1005,0.1369,1.299,1.0631,3.8776,0.0319,1.8046,0.44
SINS.N0000,6/30/2021,-0.0276,0.0177,0.0258,0.1281,0.2863,1.1205,2.8784,0.0394,0.44,0.4433
SINS.N0000,9/30/2021,-0.017,0.0177,0.0277,0.1148,0.2786,1.1444,4.7131,0.03,0.4433,0.8707
SINS.N0000,12/31/2021,0.0025,0.0466,0.0849,0.1571,0.428,1.1932,3.2077,0.0585,0.8707,0.7965
SINS.N0000,3/31/2022,0.0252,0.0537,0.0715,0.1703,0.353,1.1874,3.4906,0.0374,0.7965,0.5919
SINS.N0000,6/30/2022,0.0479,0.0455,0.0429,0.1536,0.237,1.1816,3.5737,0.0163,0.5919,0.8625
SINS.N0000,9/30/2022,-0.0891,0.0616,0.0891,0.1834,0.4791,1.1831,3.4494,0.0356,0.8625,1.5219
SINS.N0000,12/31/2022,0.0982,0.0682,0.1263,0.1964,0.774,1.1703,3.2164,0.0283,1.5219,1.9843
SINS.N0000,3/31/2023,0.1517,0.1084,0.1411,0.176,1.0793,1.2787,3.7637,0.0046,1.9843,0.3411
SINS.N0000,6/30/2023,-0.0504,0.0282,0.0041,0.1509,0.258,1.328,7.0866,-0.0781,0.3411,0.4848
SINS.N0000,9/30/2023,-0.1153,0.0118,0.0045,0.1237,0.5176,1.2075,7.0897,-0.0666,0.4848,1.3271
SINS.N0000,12/31/2023,0.0408,0.0319,0.0506,0.1399,0.9826,1.3159,3.1491,0.0223,1.3271,0.714
SINS.N0000,3/31/2024,0.053,0.0728,0.0609,0.1669,0.2474,1.0616,3.0484,0.017,0.714,0.6678
SINS.N0000,6/30/2024,0.1083,0.0324,0.0243,0.1797,0.3045,1.1664,3.0897,0.0274,0.6678,1.149
SINS.N0000,9/30/2024,0.1087,0.0411,0.0512,0.2049,0.6691,1.1784,3.415,0.0285,1.149,1.4874
SINS.N0000,12/31/2024,-0.0076,0.0531,0.0857,0.2083,1.0144,1.2216,3.1228,0.0368,1.4874,1.7291
TPL.N0000,3/31/2012,-0.0107,0.2039,0.0122,0.2528,0.2211,0.941,2.218,0.0195,0.6857,0.9826
TPL.N0000,6/30/2012,-0.0009,0.2083,0.0308,0.1922,0.4751,0.995,2.18,0.0217,0.9826,1.4742
TPL.N0000,9/30/2012,0.015,0.2232,0.0539,0.3614,0.749,1.101,2.02,0.0291,1.4742,1.6718
TPL.N0000,12/31/2012,0.0224,0.235,0.0892,0.2417,0.8765,1.155,1.925,0.0612,1.6718,0.9884
TPL.N0000,3/31/2013,0.0472,0.2644,0.0347,0.2935,0.271,1.3741,1.485,0.0877,0.9884,1.2668
TPL.N0000,6/30/2013,0.0259,0.2511,0.0585,0.2603,0.535,1.2038,1.55,0.0412,1.2668,1.4093
TPL.N0000,9/30/2013,0.0668,0.2502,0.0293,0.2189,0.7508,1.169,1.57,0.0323,1.4093,1.599
TPL.N0000,12/31/2013,0.0696,0.2599,0.0522,0.1771,0.8731,1.072,1.532,0.0449,1.599,0.8946
TPL.N0000,3/31/2014,0.0502,0.2759,0.0233,0.163,0.2734,0.969,1.42,0.042,0.8946,1.1577
TPL.N0000,6/30/2014,0.0623,0.262,0.0373,0.1548,0.5002,0.953,1.524,0.0445,1.1577,1.5233
TPL.N0000,9/30/2014,0.0724,0.2696,0.0565,0.1609,0.776,1.061,1.458,0.0323,1.5233,1.8958
TPL.N0000,12/31/2014,0.0868,0.2877,0.0837,0.1629,1.0149,1.159,1.363,0.0455,1.8958,2.1691
TPL.N0000,3/31/2015,0.0833,0.3024,0.0932,0.1663,1.2384,1.16,1.281,0.0492,2.1691,0.962
TPL.N0000,6/30/2015,0.1658,0.2981,0.0065,0.1612,0.2275,1.095,1.097,0.0069,0.962,1.2414
TPL.N0000,9/30/2015,0.1608,0.2911,0.0234,0.1671,0.4634,1.006,1.328,0.0039,1.2414,1.3791
TPL.N0000,12/31/2015,0.0865,0.2946,0.0232,0.1714,0.6835,1.275,1.21,0.0142,1.3791,1.6701
TPL.N0000,3/31/2016,0.0245,0.3078,0.0572,0.176,0.9154,1.198,1.225,0.0332,1.6701,0.6902
TPL.N0000,6/30/2016,0.0172,0.296,-0.0096,0.1712,0.1841,1.111,1.286,-0.0632,0.6902,1.0826
TPL.N0000,9/30/2016,0.0652,0.2749,0.0395,0.1673,0.3888,1.178,1.392,-0.0917,1.0826,1.2191
TPL.N0000,12/31/2016,0.0432,0.2872,0.0237,0.164,0.5886,1.359,1.298,0.0504,1.2191,2.2232
TPL.N0000,3/31/2017,0.206,0.3872,0.081,0.627,0.7904,1.747,0.906,0.0725,2.2232,1.1921
TPL.N0000,6/30/2017,0.1695,0.382,0.0213,0.1806,0.2752,1.753,0.942,0.0442,1.1921,2.0136
TPL.N0000,9/30/2017,0.3504,0.4003,0.0451,0.627,0.5077,1.861,0.878,0.0668,2.0136,2.1941
TPL.N0000,12/31/2017,0.1708,0.4215,0.0796,0.7374,0.6939,2.206,0.823,0.0987,2.1941,2.9997
TPL.N0000,3/31/2018,0.2457,0.433,0.1376,1.2426,0.899,2.3,0.823,0.137,2.9997,2.3495
TPL.N0000,6/30/2018,0.2531,0.5476,0.018,1.6296,0.242,2.1,0.775,0.0404,2.3495,2.7118
TPL.N0000,9/30/2018,0.2707,0.5737,0.03,1.7705,0.4225,2.425,0.8,0.0256,2.7118,2.3518
TPL.N0000,12/31/2018,0.1984,0.4495,0.0532,1.1754,0.6036,2.64,0.769,0.0785,2.3518,3.5762
TPL.N0000,3/31/2019,0.3899,0.6059,0.1287,1.6826,0.8258,2.443,0.513,0.1006,3.5762,2.9036
TPL.N0000,6/30/2019,0.3556,0.542,0.0698,1.4573,0.6134,2.681,0.662,0.0526,2.9036,2.2308
TPL.N0000,9/30/2019,0.3213,0.478,0.0109,1.2319,0.4009,2.919,0.811,0.0046,2.2308,2.6491
TPL.N0000,12/31/2019,0.2834,0.4878,0.02,1.611,0.5935,3.198,0.782,0.0299,2.6491,2.558
TPL.N0000,3/31/2020,0.2967,0.4829,0.0226,1.5208,0.5388,3.249,0.766,0.0416,2.558,2.4896
TPL.N0000,6/30/2020,0.3118,0.474,0.0252,1.4557,0.4953,3.2605,0.7375,0.0563,2.4896,2.3302
TPL.N0000,9/30/2020,0.3402,0.4602,0.0304,1.3004,0.3971,3.323,0.693,0.0828,2.3302,2.6147
TPL.N0000,12/31/2020,0.2494,0.5047,0.0686,1.3306,0.5841,3.398,0.75,0.1147,2.6147,3.3832
TPL.N0000,3/31/2021,0.324,0.555,0.1454,1.6054,0.7743,3.642,0.623,0.1625,3.3832,2.99
TPL.N0000,6/30/2021,0.3585,0.5281,0.0844,1.599,0.5825,3.684,0.625,0.1087,2.99,2.5968
TPL.N0000,9/30/2021,0.393,0.5012,0.0234,1.5926,0.3907,3.726,0.627,0.0549,2.5968,2.9019
TPL.N0000,12/31/2021,0.3647,0.555,0.0535,1.6172,0.5404,4.045,0.592,0.0588,2.9019,3.5121
TPL.N0000,3/31/2022,0.4175,0.6188,0.1254,1.6638,0.7327,4.435,0.49,0.1759,3.5121,2.5119
TPL.N0000,6/30/2022,0.3371,0.5483,0.0423,1.5566,0.2662,2.7517,0.62,0.1644,2.5119,2.8231
TPL.N0000,9/30/2022,0.3288,0.5506,0.0339,1.7777,0.4792,3.2117,0.546,0.2884,2.8231,3.2386
TPL.N0000,12/31/2022,0.343,0.5112,0.1732,1.4606,0.6634,2.8996,0.664,0.2378,3.2386,4.4219
TPL.N0000,3/31/2023,0.4102,0.5807,0.2951,2.057,0.9087,4.1016,0.537,0.3162,4.4219,2.6911
TPL.N0000,6/30/2023,0.369,0.5914,0.0327,1.8222,0.2191,3.745,0.55,0.1152,2.6911,2.9332
TPL.N0000,9/30/2023,0.3711,0.5854,0.0703,1.6947,0.4195,3.349,0.589,0.1281,2.9332,3.1879
TPL.N0000,12/31/2023,0.3681,0.5951,0.0781,1.7318,0.6162,3.262,0.577,0.1305,3.1879,3.163
TPL.N0000,3/31/2024,0.4063,0.6025,0.1593,1.7968,0.2282,3.668,0.556,0.2122,3.163,2.6023
TPL.N0000,6/30/2024,0.378,0.5616,0.019,1.8868,0.1677,4.5533,0.531,0.0604,2.6023,2.9127
TPL.N0000,9/30/2024,0.3861,0.549,0.0757,1.7994,0.3513,4.0008,0.555,0.1477,2.9127,3.227
TPL.N0000,12/31/2024,0.3847,0.6028,0.0956,1.7571,0.5517,4.2139,0.56,0.1213,3.227,3.5585
TPL.N0000,3/31/2025,0.4029,0.617,0.1331,1.761,0.7154,4.113,0.541,0.1596,3.5585,2.8069
TPL.N0000,6/30/2025,0.428,0.5917,0.0162,2.0399,0.1875,5.196,0.49,0.0709,2.8069,3.1401
TJL.N0000,3/31/2012,0.3654,0.2319,0.0488,2.7653,0.4149,2.5684,0.1201,0.071,2.9983,3.0123
TJL.N0000,6/30/2012,0.4168,0.2413,0.0208,2.9571,0.3314,2.768,0.0311,0.0659,3.0123,3.9437
TJL.N0000,9/30/2012,0.451,0.2642,0.0217,4.3588,0.3457,1.8781,0.0317,0.0659,3.9437,4.1437
TJL.N0000,12/31/2012,0.4714,0.3076,0.0498,4.3019,0.4019,3.9124,0.0093,0.1278,4.1437,3.4234
TJL.N0000,3/31/2013,0.4364,0.2638,0.0366,3.3584,0.3946,1.8257,0.0647,0.0928,3.4234,3.9788
TJL.N0000,6/30/2013,0.346,0.2885,0.0288,4.504,0.3623,3.3649,0,0.0838,3.9788,3.5892
TJL.N0000,9/30/2013,0.3859,0.2725,0.0313,3.7249,0.4064,3.2269,0.08,0.0814,3.5892,3.7748
TJL.N0000,12/31/2013,0.478,0.308,0.0359,3.717,0.4213,3.54,0,0.0892,3.7748,3.0626
TJL.N0000,3/31/2014,0.2664,0.291,0.037,3.0499,0.3835,2.8227,0.0081,0.1083,3.0626,3.3246
TJL.N0000,6/30/2014,0.4243,0.3155,0.0147,3.3393,0.3217,3.172,0.0302,0.0613,3.3246,2.8826
TJL.N0000,9/30/2014,0.3707,0.2716,0.0284,2.6153,0.3946,2.4667,0.0646,0.0815,2.8826,3.7402
TJL.N0000,12/31/2014,0.4202,0.3196,0.041,3.6935,0.4371,2.8438,0.0332,0.0998,3.7402,4.7264
TJL.N0000,3/31/2015,0.348,0.3334,0.0542,5.3884,0.4301,3.5886,0,0.0976,4.7264,3.8873
TJL.N0000,6/30/2015,0.3091,0.3746,0.0205,4.3295,0.3266,2.111,0.0154,0.0695,3.8873,3.0764
TJL.N0000,9/30/2015,0.1984,0.2511,0.0246,3.6015,0.2447,1.9509,0.0106,0.1087,3.0764,2.9411
TJL.N0000,12/31/2015,0.3047,0.2374,0.0296,3.1119,0.2783,1.9285,0.0831,0.1019,2.9411,3.691
TJL.N0000,3/31/2016,0.3781,0.3739,0.0351,3.6599,0.4021,2.0835,0.0429,0.1286,3.691,3.8846
TJL.N0000,6/30/2016,0.4545,0.311,0.0243,4.2194,0.292,2.2343,0.0204,0.0808,3.8846,2.8236
TJL.N0000,9/30/2016,0.2425,0.2371,0.0305,3.0383,0.277,1.9747,0.216,0.1092,2.8236,2.0743
TJL.N0000,12/31/2016,0.2843,0.2631,0.0208,1.7326,0.2566,2.071,0.3471,0.0706,2.0743,3.4579
TJL.N0000,3/31/2017,0.5695,0.2761,0.0166,3.389,0.2998,2.4646,0.0413,0.1246,3.4579,1.8485
TJL.N0000,6/30/2017,0.2439,0.2609,0.009,1.5351,0.2398,2.0738,0.0623,0.0552,1.8485,2.3145
TJL.N0000,9/30/2017,0.2567,0.249,0.0198,2.2045,0.2698,2.1693,0.1392,0.0821,2.3145,2.4625
TJL.N0000,12/31/2017,0.2641,0.2685,0.0149,2.4539,0.2482,2.2692,0.2047,0.0629,2.4625,2.2276
TJL.N0000,3/31/2018,0.2854,0.2588,0.0135,2.0321,0.259,2.2026,0.2411,0.0584,2.2276,2.9268
TJL.N0000,6/30/2018,0.3029,0.2742,0.018,3.0698,0.2782,2.3313,0.3503,0.0616,2.9268,1.7485
TJL.N0000,9/30/2018,0.3198,0.2434,0.0271,1.0944,0.2779,2.2326,0.2317,0.0914,1.7485,3.9944
TJL.N0000,12/31/2018,0.2915,0.2425,0.0278,4.9097,0.2675,2.3539,0.1358,0.0693,3.9944,3.0245
TJL.N0000,3/31/2019,0.3203,0.2468,0.1,2.7681,0.3038,2.3816,0.0743,0.0841,3.0245,6.3515
TJL.N0000,6/30/2019,0.3253,0.4274,0.0042,8.840261,0.0448,2.3972,0.3599,0.0862,6.3515,2.8051
TJL.N0000,9/30/2019,0.3044,0.2367,0.04,2.7752994,0.3113,2.0902,0.3832,0.1165,2.8051,4.352
TJL.N0000,12/31/2019,0.2644,0.2649,0.0265,5.4873,0.284,1.8251,0.1172,0.1077,4.352,0.9823
TJL.N0000,3/31/2020,0.2911,0.2238,0.0105,0.127,0.2088,1.8504,0.4504,0.1799,0.9823,1.6565
TJL.N0000,6/30/2020,0.2728,0.1664,0.01,1.4723,0.1798,1.8101,0.1556,0.0556,1.6565,3.0312
TJL.N0000,9/30/2020,0.3118,0.2384,0.0278,3.271033,0.2689,1.9276,0.5462,0.0966,3.0312,2.4221
TJL.N0000,12/31/2020,0.2759,0.2554,0.03,2.3328414,0.2348,1.9343,0.1211,0.1109,2.4221,1.9804
TJL.N0000,3/31/2021,0.2716,0.215,0.082,1.3507855,0.2724,1.8542,0.0903,0.0912,1.9804,1.7566
TJL.N0000,6/30/2021,0.2948,0.2022,0.0113,1.4069449,0.2383,1.8282,0.1183,0.0506,1.7566,2.774
TJL.N0000,9/30/2021,0.2737,0.1964,0.037,2.9311023,0.2898,1.7335,0.1749,0.0924,2.774,1.7227
TJL.N0000,12/31/2021,0.2852,0.1601,0.0306,1.3979343,0.2166,1.8939,0.1918,0.0853,1.7227,1.4818
TJL.N0000,3/31/2022,0.296,0.1551,0.0293,1.034765,0.1919,1.781,0.2237,0.0876,1.4818,1.6137
TJL.N0000,6/30/2022,0.3364,0.1441,0.0224,1.1353613,0.2531,2.3278,0.1691,0.1,1.6137,1.5849
TJL.N0000,9/30/2022,0.2646,0.1582,0.0317,1.0824966,0.2918,1.8994,0.1905,0.1237,1.5849,2.262
TJL.N0000,12/31/2022,0.3859,0.1816,0.0145,2.0966525,0.2388,2.2334,0.1252,0.1528,2.262,2.1082
TJL.N0000,3/31/2023,0.3683,0.2045,0.009,1.8374119,0.2478,2.3555,0.4374,0.0916,2.1082,2.2845
TJL.N0000,6/30/2023,0.3778,0.2245,0.0077,2.1234693,0.2173,2.4993,0.0533,0.0178,2.2845,2.1121
TJL.N0000,9/30/2023,0.3644,0.2063,0.0266,1.7635682,0.2401,2.2087,0.3832,0.0948,2.1121,2.3969
TJL.N0000,12/31/2023,0.3929,0.2355,0.0335,2.0799061,0.2372,2.5288,0.4116,0.0796,2.3969,2.9013
TJL.N0000,3/31/2024,0.4177,0.2652,0.0941,2.4549782,0.2453,2.7675,0.3839,0.0715,2.9013,2.7304
TJL.N0000,6/30/2024,0.4035,0.2565,0.0086,2.7005784,0.2384,2.6807,0.0555,0.0307,2.7304,2.8901
TJL.N0000,9/30/2024,0.3866,0.2751,0.019,2.863219,0.2604,2.7411,0.055,0.0497,2.8901,4.0162
TJL.N0000,12/31/2024,0.3996,0.2906,0.0513,3.6910891,0.7459,2.7981,0.0474,0.0496,4.0162,3.1705
TJL.N0000,3/31/2025,0.4087,0.2739,0.0714,3.0340339,0.2406,2.7593,0.219,0.0512,3.1705,2.982
TJL.N0000,6/30/2025,0.3933,0.2621,0.0031,3.2119807,0.2057,2.7224,0.3796,0.0158,2.982,2.7827
